Wallet_id,score
0x586e32930ac05127de429bd566eaa2758fcbd9bc,100
0xeb97d37bb6cd268ddb25e67cfbb9b3f7468db46c,99.99629183
0xdf63be2e473ba04c26b1609e51d08cf0d78e0913,99.99258353
0x1e105686de9d256eb107e1c25114088076199bde,99.98887509
0x0f3c2476fbf0ed09dff00ea7f4ef252dcc72e6f1,99.98516651
0xbabe31056c0fe1b704d811b2405f6e9f5ae5e59d,99.98145779
0xf8012ade1ec196aa06dd991119d75edc59cc7768,99.97774893
0x0e0ec712b3912b5601216455a158cf18152cb62a,99.97403994
0x8212f2891f691b4f08db8884ac64c4ffb7dd157f,99.97033081
0x99a70bbde9d02d1855a0148b95962ba037f133ac,99.96662154
0x96c8e2a1eab72eea758b6694fb2217c4118bb803,99.96291214
0x000000aaee6a496aaf7b7452518781786313400f,99.95920259
0x41bc5e34131559048b12006a5a8889b122a1d57a,99.95549291
0x3584ca77ba08bd8b3fe4762e60eb284e37696829,99.9517831
0x57aeda024fdbc8e1ce19cb9a628ca39747e3661f,99.94807314
0xa16946a605ddb755d3a5774b6124f97fed1bd1e3,99.94436305
0x6996c784cda7a2841c3a6f579c896477586a1d9a,99.94065281
0x1b2b76f9f77b57ee2034c591cc143be803d6b0b8,99.93694244
0x17f780e07e5525c20bf5f22b6c650052fa8605ab,99.93323194
0xc1852f917835a9f2f97112672bc5c8afd1f21dc3,99.92952129
0xd062eeb318295a09d4262135ef0092979552afe6,99.92581051
0xbed4e3cd89918563a9ce4b04cf5379daf566bd53,99.92209959
0x3173acd056c8d6bb3ec849d3f6ffa90b8fda208b,99.91838853
0x14c45cd15d33eaa8aa149e3ca0e6924db143b08c,99.91467734
0xdbc9454541a32fc0cc1b76cfc674a76aab6233a9,99.910966
0xd6449ac214275493a8205e58107b1ee19353840e,99.90725453
0x8985aebdb1adf244f1f3f8ad9ff89b8a045b5319,99.90354292
0xcca5b555ecb991acda36a73f4f2a0e89bb68999c,99.89983117
0xb435871b0959561226b4d903b1abf79528177e81,99.89611929
0x57ef012861c4937a76b5d6061be800199a2b9100,99.89240726
0x1cd2eb4e9b2efaf76fc6637b5d3ce3498d5c5000,99.8886951
0xcd5f8fa45e0ca0937f86006b9ee8fe1eedee5fc4,99.8849828
0x6cbbd5d5e3f71280a568823adee4b18cc1be5e32,99.88127036
0x0006e4548aed4502ec8c844567840ce6ef1013f5,99.87755779
0xd6390178b2002a0758e8b3486fddc1c4bc23ebe1,99.87384508
0xa1df7157e5eb60c4f9bcffb6a2f725a4b6492ca7,99.87013222
0x4654f56a64301b9b582f843f97332d96ead11ff8,99.86641924
0x83671580fd3ea9a970747df985e36f048fc3cdb9,99.86270611
0x9d11b1e1445b017902e561ceb201f009b3d53a42,99.85899284
0xb3d4a0e65b139089de480612df634df342a34695,99.85527944
0xecc996953e976a305ee585a9c7bbbcc85d1c467b,99.8515659
0xe98604413c217ea6f0f338506d9903815cd231ad,99.84785222
0x7a1fbccc781593de822e0547f8cdc6210c982d61,99.8441384
0x4bb6d52a4420492c5d90f22fa92ff80ab481d961,99.84042444
0x520ef574f275bb54bac66781834a3ee20e9b6e3c,99.83671035
0x03e3702d91098350d057ded0a05095f703bba2e7,99.83299612
0xf5fb8fa41f90df3ed2b3caeaaee64d5da26b68e2,99.82928175
0xa24f2e6dcbd2da9a220958401dab74b365bd34e1,99.82556724
0x0365901b575f4e62e1d4b573ec8165251ac2cbdb,99.82185259
0x445c55b9a5338c45eea6f4cc9c1840883729a878,99.8181378
0xe264d4f4169ec460c86019b94e390d3957135b6b,99.81442288
0xc1c5a7273debae84b7b25e9429c78bf899e614e0,99.81070782
0x91351a04b3365808518d22db2884d3c288a4bbd1,99.80699262
0x14559df3fbe66cab6f893d8dd53f7bfe68de9c65,99.80327728
0xdfb00d9a518d82c9141506bbc6fb1fe5e727f55c,99.7995618
0x4ae0dbd5c700c64faaf85678fc1fcdf6aba5c5dd,99.79584619
0x35d3da57064d2f5ec5f0824caaa839a43026bd41,99.79213044
0xee37f338220479c8f652e3557f02513bdb11c160,99.78841454
0x0118289457e9fd02c05e37e27a11bd09d3500021,99.78469851
0x53c3f93d5146b3c1dde50d20e6f0422747fb5b7b,99.78098235
0x8782696569cb4b825f6f1fb457c14dfb823187e4,99.77726604
0x64b3122c293e301f9f1dfda823bdc6395d924129,99.77354959
0x67bbbccddd394c2cfa15d3958904858b21040cc6,99.76983301
0x8eeb3170eea4135b88ec6c058f101d41a29d0cd2,99.76611629
0xe46ef6511465e07573e83f98a4d6a9bda544c3ce,99.76239943
0x9ce8f85083fcf364467a827cb15730102306ed1c,99.75868243
0xf17871042913d86d93d3ad7c5c5ccc5bd60cb5ac,99.75496529
0xbc9c92922d98f2896e173b6c197b7fc1674324c9,99.75124801
0x4adaeef3521509a73d6f71177c4ee2cdd184b734,99.7475306
0xc968c8fd6b87874e17e37cb41e7d8b9bbc640c52,99.74381305
0x24e09f0b6e050754a9ddee77d867a786a38339dd,99.74009535
0xe7683d0562086a88c1b9b32f8763e3ae6aeec502,99.73637752
0xb28cf9fcfaa079ff21ceddbfc7b4b2fb9c7bd70f,99.73265955
0xce00aeae34e4477c2b29d01c62ae6e8acd538add,99.72894145
0xe6f6f9492098aad009faa3f9b84f35c0b6ee7f3c,99.7252232
0x61ad994108a0d4b8a2dc60129362ffa62342bbd2,99.72150482
0xea58392c30bb65355d555f772f6a5c69da564e61,99.71778629
0xd593193c672f5a8f999c0f3c8f2f46521fe84691,99.71406763
0xf16d75faa453755891196fdc08819bc5527d5806,99.71034883
0x606420fc17e08ce7d85a5068cede5542c0e47128,99.70662989
0xf7c751457363e84f5fda68e527b318468f334cec,99.70291081
0x39bde2f9254cfef7d0487a27e107ef6c1685e44c,99.69919159
0x502cb8985b2c92a8d4bf309cdaa89de9be442708,99.69547224
0x9b4c75ce8d7006620df39e8757ade75d6434a6fe,99.69175274
0x68995e1d2830c8d3c5c5434eecdf286589dbedd9,99.68803311
0x4fe95c36bb9b3a81f278569525162f91615e77d7,99.68431334
0x926f974a623c51cac02c7f5c178dc6d2f431c23d,99.68059343
0x5e55444ce48949c8093ca496a4abdc310bbf5859,99.67687338
0x08072a5fbc90eed1ca4fb863c1df8aa1fec61cfa,99.67315319
0x0aa05126f46862cb8cc097a4d6f0f47ddfba0a7c,99.66943286
0x75ee955325dc910e48b2608a59598b31e7a82ed6,99.6657124
0x2f47eb00b241eccce85f369a024742186920e111,99.66199179
0xa5c3a513645a9a00cb561fed40438e9dfe0d6a69,99.65827105
0x84443f61efc60d10da9f9a2398980cd5748394bb,99.65455016
0x99d3cacc95d087a35e559a2242402695a1f93e12,99.65082914
0xe0eeec7010ac9f74a947d70d43173d6765844768,99.64710798
0xba2f752f7eccb6acffd73e532586050bf0a1fc32,99.64338668
0x13dc08f5ddbcbfdf6ebc04c909c3052a2aa7a111,99.63966524
0x139674aee375551fe3b972f69afb84503791aa44,99.63594366
0x64ead14ad73ac013dcfa181ca72c13e935fb3c13,99.63222195
0x2075fd8f519895e488fd3b3dab1d41381a1d9ab1,99.62850009
0x6370c6ca30253a2e188ae8dc8e9e852271983e7e,99.6247781
0xd3609aee138dec27fb63395dc58b5f0c7ab701f2,99.62105596
0x0ed66e54a3f5822cb2083778eebdceaeaff8d6a0,99.61733369
0x88f598e1f05eff820bfb78be660a92aef481d488,99.61361128
0x2fe55ecd0813821a209a944888206cc4dafcbe17,99.60988872
0xb62675a9aec9a08524c70f9bbe57be4a5de40508,99.60616603
0xd4411b38e2eeecd6a5c238403e7c1655090777f4,99.6024432
0x6655459bab7a5e99f2d61279316f6d0a465be784,99.59872024
0xca8119e97013879b273711e92eaf9b8e387d77f1,99.59499713
0xedfbdcacb9646e3c017321bfbc8c1bf82a8fc12f,99.59127388
0xe826cf83f03732ea35eaf4cd9627d57529feca4b,99.58755049
0xd47df21207181152dffc749eb3a66d8d91eb204a,99.58382697
0x714c114cf2e3c3bf708bc272f269caa60d297097,99.5801033
0x9c05a5ac7269db20da14a3f5e532693f6b96765f,99.5763795
0x9317e25590aaa62be015aff026702f3b960131a7,99.57265556
0x7fc823dba1c8b049c92a43eee758311470f6f5a0,99.56893148
0xe1447914f234eb30f8725b2f564e60a655e39cc0,99.56520725
0xed087c97da04bdb9d68a9ff0013b41fd145a000d,99.56148289
0x8dbda9c366b501ec7324504d5de545f83aa89148,99.55775839
0x9a055dccade190792236bd2af9318f0313aa6b4c,99.55403375
0x0c31b6605686aa26df47eb45af0e4aa6639a5fd6,99.55030897
0x0249709880fc44b72f00abbe7f6120c9a61bade7,99.54658405
0xe40afc776c18d8925199dcce78d0b06c9222b896,99.542859
0x55d44591fc2d4ad7a79df4784cb0d166ea697935,99.5391338
0x2b354cfa9170febc4829d499af094c70c7920334,99.53540846
0x000be263b3ceb55d22ed9b40d7619f62c4862c80,99.53168299
0x204d363bed977942e9ee1dbb24ad940b16cc02db,99.52795737
0xfff801e0bf28c9582420eeec66830c69c5670159,99.52423162
0x5081891d84cf21beeb950b59e445406328c61aee,99.52050572
0x19360799a15730fac556088793895aa7650ee442,99.51677969
0x033e9b12438f95cdbe9170f313367f4c614c5fd4,99.51305351
0x2c966676139ff93e16e8814dfdd91ffca9875e8a,99.5093272
0x9dfac9bbe1119da5dcdd7b095db40920cde878ef,99.50560075
0x334ff7580ee92bb13d744cd309925560877122a1,99.50187416
0xa59073c0e036edbdb5dc4e88f42bd9b32d6e968b,99.49814742
0x0e532f71e574e0d2f421e381e4d1ae2c7097b7c8,99.49442055
0x04e7f6c24ad0fc29224d4396e73b7d424503140b,99.49069354
0x6e197190de43166839665157274ee695456259f7,99.48696639
0x121667b6690f5040c672c3df912a5aaf8735ca23,99.4832391
0xf8fbc9298650f49f9b6280ead636c1811c6ca1a1,99.47951167
0x717ab1c60e79464ed2e2980a131fe5774b855789,99.4757841
0x3dfe9a6c5473d9f2b5bd3171860eedbdbb7b0124,99.47205639
0x6168bb05ccb4aaded0169602bbb6e3cae12902c5,99.46832854
0xceb9e948ce562b3b3eaa2495e39841a62815a524,99.46460056
0x540b3f3705ea15a75f759c74fa046dbb47d08981,99.46087243
0xcd813bc6cc37214897d5bc60417abcf6901afa49,99.45714416
0x9c6d67c5fd1f78c3daee702b9a59183c0f4a9d17,99.45341575
0x23395e68e4a65b5b9b33e3819f6a3058752a1a2e,99.4496872
0xb0dc796dd37e369121a092e8fd88f09a10a82cd0,99.44595852
0xcdb785569b4b5b7832af497e911ea893181bdb74,99.44222969
0x37de9d293350dc3fe3cb7a9339a94ba2b00a3668,99.43850072
0xe2805dbecba90353dfbc5032d642165bd71bb3ba,99.43477161
0xbfb7a43169b206e34d582f86c34e80347d170e2e,99.43104237
0x49153cbd5b0c516d1320bc42b48c73548b73b678,99.42731298
0xd2adb7b4df854631fa0f790a93b2fa25fad3f56e,99.42358345
0x2c07f38c56ee3a2c2233224b838a6b5035a2694d,99.41985379
0xe670c92e93f88761004f86b28c101cd8b9ca57a9,99.41612398
0x6f858d52ff946d3a4c91fe5a7cdc408212d17a1b,99.41239404
0x009b56330ae5ec5042b9ca46ddb3043cc0d006f3,99.40866395
0x41c7b33b8e7fec43e4f860f79c2a4314e3c54089,99.40493372
0x7a6ab4fe07d4b65a3a3b4a28cbde57ebaed9cd81,99.40120336
0x2b19fde5d7377b48be50a5d0a78398a496e8b15c,99.39747285
0x52feb9bf6f37bbd01309515feec062632f5ccb2b,99.3937422
0xb0e1088863f02b7edf67324d02d5093de9b19e0c,99.39001142
0x1b1bc8b714737c8456a0590d307d73da2a4d9249,99.38628049
0x9b4e28020b94b28f9f09ede87f588e89c283cffd,99.38254943
0x0b3c69cd19831da372f682ca593668ce73afa537,99.37881822
0x60c514df3dd8bda1d67ca0f6e2d9184f4aefb279,99.37508687
0x985c0748a95d30ba0585dbc33c4c366a56be8ed3,99.37135539
0xe65187714eb725c76012defd18ab7b495fb25f31,99.36762376
0xff5269e8ae6a9f2ff2a93c770fd35f8ce71712f8,99.36389199
0xdf9efb7bfc07b9e7164a5868922afba5042835a9,99.36016008
0xa4b5173309ac878db01dcea2b230cdcbc2cf6312,99.35642804
0x371ee509100af3eb863ed61b07825a50b60ab5c3,99.35269585
0xcd823142b266f3da24d16f761b4a4f27b7a13596,99.34896352
0x0d5926184e886db1a736d88f0fb257be3f99ebd5,99.34523105
0x29bc5fb2b177dd3432661ee5c67e7d7008350fcf,99.34149845
0x3b38df411221126688b7ca4cd3b5c08144e558e5,99.3377657
0x45a9681f82a2ff9e9da45d8bef745416c51494d4,99.33403281
0x3ee505ba316879d246a8fd2b3d7ee63b51b44fab,99.33029978
0x425d16b0e08a28a3ff9e4404ae99d78c0a076c5a,99.32656661
0x1b5dbb494c47bf7ba4ca62d13e2574df7d42e10e,99.3228333
0xefd0199657b444856e3259ed8e3c39ee43cf51dc,99.31909985
0xd3bb48f4f01876783ce5f67392c1fe05e1fa0918,99.31536626
0x535574b576dc7057efda800056a257801e33632c,99.31163253
0x18867ec16fe2cb6d5e973130eebf0c427decabf6,99.30789866
0x199da66fea63520d64b213ee3e7eb7cdfb650d62,99.30416465
0x6d2af065ccb60c0f7e8ec5907c961c42a3447127,99.3004305
0x3e2dbda5f310aade1503557b2e7f356eaf161641,99.2966962
0xff4e2d7169d7d56f8b41c63592fa919b4d1b0165,99.29296177
0xd888dafa1df40c262c10d0479b9f0b8d8d2cdfc7,99.2892272
0xd7925984736824b4aecf8301c9aee211cd976494,99.28549249
0xc7c37b0c7af5af560bf31b0bcbfec04b97361275,99.28175763
0x285d23ea20ab8138e63889669b091704a1787278,99.27802264
0x2b32c3ecaf47ed3ad459565c472182f56414c9b2,99.2742875
0x972723ab7c0121f8182b5f19a0015959fa776794,99.27055223
0x85dc5fc2e2d5054a459890ce992106f58ecfa93c,99.26681681
0xe5a3d77d7788a83f3549dd7f08fc2aced7e262d2,99.26308125
0x3c2cb7943e7d0e42e55de96983a34a732dbb7816,99.25934556
0xf55e015769baac7e5861cba62ee775868c335cee,99.25560972
0xdc95913ea736a669f9518dc58b90b5d7ea2c8c8a,99.25187374
0xd6ceb05021ab37457bf9837da9f4c98828628fc7,99.24813762
0x8b26754becb2f0b00f64a4345da8e0f53ddab673,99.24440136
0xbba03ac718c1e7951c3e21bb7b8160fa0c130651,99.24066496
0x856b762d46274ef1d696103e5fb2af2afee91ecb,99.23692842
0x2871b76c348e12b88a28cef388d37326e85e2fec,99.23319174
0xd9b99266c42d427bb3a64f30a0242bbeb41f6830,99.22945491
0xa248c8099d6763f5bfa7822677c367a568047bcd,99.22571795
0x81dca6497abd7ddffca44cacc285011891721cd0,99.22198085
0x7409956e1d10a00ea425722565790e2c77c40ad2,99.2182436
0x0dac0e020ce53159d02b06d062b61c26ef0cf469,99.21450622
0xec75e6ae612401d4188266eb731697339b9b0f36,99.21076869
0xb4f82c737969262514458b802cc578cbf95430ee,99.20703102
0x81da4f0bcea8d330d790da28bf5349d29ad51fda,99.20329322
0x5d594da5154a4236a4fd81edea808ba1338f3203,99.19955527
0x4b3a7af8c712d2bd0068f012a9426d2dc1073d2c,99.19581718
0x003c52a71c887461087154eccced08cb1c5384a5,99.19207895
0x5e60c0a931d1901895a3ddf87f99640d4bf50403,99.18834057
0xfb0fee3841eb328413307e905404cbbcdcff01cf,99.18460206
0xd1c2df69261ce294f0f26423cac49dd2a5bd5cf1,99.18086341
0x60ad81273c776aea562faeaa601ffc1680ae929d,99.17712461
0x2a4e6c78f12333481a6d932ba526eb56bd64f008,99.17338568
0xa85efd19852f56990a708d5d38d49552e8c75512,99.1696466
0x1658a95d08bc44111a93f7afcab8444b7e8dc0c7,99.16590739
0x8877bcb2223682048badd5b09b7ee5a8fa2f3424,99.16216803
0xb58f9800f74fea404b58f94ca3685d97e4fdfbed,99.15842853
0x385d84a0e3d88e91e8e1a3a5aadcd759670c468a,99.15468889
0xcb71eb21f53a2f4de0f26dc90518df10be13d1ec,99.15094911
0xc5c04a665048403b7d7f4f5f1b165cf64385d9c7,99.14720919
0xb3d77ebc988eb7265f8b145accb27bcf2722ee0a,99.14346912
0x0235ecaa45c4ce4abaf58c21e70c103d1bd745d7,99.13972892
0x8ec5c5528db3f1c6d8e3c4256e87de04ca7fffdb,99.13598857
0xa55f6f54f7e0e11396904031b0e870cdc910bf75,99.13224809
0x4f5c0754c5f90e722d78964644bd29687b87c584,99.12850746
0xf0b4fb521eee7561e746a2e01ef933c5a2225809,99.12476669
0x67168517c1d0835147e2bd66e40a602e9fb9cbd9,99.12102578
0x5f72c7ca304679b07c527dd0f245f76b5d62ce61,99.11728473
0x14478ecfe5e29ea623d324039d04f2da22d14a5d,99.11354353
0x825d4f26ac2f18dbd1fdee85c710abd6aaf78b7d,99.1098022
0xc64de5e0f97c21606e1f31426eb5c98ab729c08e,99.10606073
0xcc1e0a566dbd10869c071c811aba436357858f05,99.10231911
0x9df06d2e25378f01a405c93310e289e8d06c9841,99.09857735
0x988136bc3201ce5f8c9b8c1501c0664f96dd0a3c,99.09483545
0xd4a3fd0fed8ed7ca0caae7ee2a5fcacb8e4c42b8,99.09109341
0x93d30a4051df1363a11050dd5259494a609ed97e,99.08735123
0xae3c67b8aa12e458f2b4eafc0e9209710582c9d3,99.08360891
0xd894c048c27469ee7a573327382be9f4ce54414d,99.07986644
0xb32b2fb57152a6091fba9fb4803e2df0097c55b4,99.07612384
0xbeefdbfb1747399fed162c3b588d43a094353bd5,99.07238109
0x506b290dec05156fbcafff81b602e4b3717e95ab,99.0686382
0xeb64340f380b8c2e708c390a1a6be7d7c9c1c4e8,99.06489517
0x41b96e9c6758d12a7a1f67952466b2e104532604,99.061152
0xb587e5af7d7131d5c0de77efda2979951dd6889c,99.05740869
0xa1872b9b494556777d2b3ac5e699cf7fb377bafc,99.05366524
0xa7f3dfed2bcf7b35a8824e11ae8f723650edfb58,99.04992164
0x27b69c405d6c58f5dd83ef7e117355a4942014bd,99.0461779
0x40d83d66673ec330c3cdb45b6ac9eb884d262a71,99.04243403
0xcdebcf59ee33978320ca2ebcd433ace6144c63c4,99.03869001
0xdf164e23284e615ae14db1d7a8b5375ffd0ff65e,99.03494584
0xcdf449b5c9bd2a725319163c3e7f2d7222c4d8c9,99.03120154
0xd19604efb40ece1efd6df5de6d3892112b51e99a,99.0274571
0x0db5faedf553fe294e1ebccfba24317f672b234d,99.02371251
0xbcacccab521ad58d4a5652cfa555ae47c24d70c0,99.01996778
0x0c0d04ea8bd13d48ebdfef821dc937a1b5a39da0,99.01622291
0x7185fbff199928cbae71990ecb3cc4a7be2ff00a,99.0124779
0xdc19464589c1cfdd10aedcc1d09336622b282652,99.00873275
0x8101bf01b2ad8e96f5645c4228a5eba18b6951af,99.00498745
0x260f2c7873d0bb7646e9a73fdedefe15a3b9405c,99.00124202
0x82f458f713ac9a366aa9c7e858f69454fde779e5,98.99749644
0x37acfef331e6063c8507c2a69c97b4f78c770a5a,98.99375072
0x6555e1cc97d3cba6eaddebbcd7ca51d75771e0b8,98.99000486
0x5519b78b0f40d62a110c787317a9833f36d937d8,98.98625886
0x7044a3e6bf3baf4f0d2f8884a2ee4e2d838f8902,98.98251271
0x1d795c4f44ade46eff5a12bb70b1c75c4f1a214a,98.97876642
0xb3b50e22f2d7db7838f0888791a7a7fd637e9164,98.97502
0x1c7c13756d70a3150caaddf10861eb11634d2731,98.97127343
0x1268757e441481ee97f99ba28d624f261b3c14d5,98.96752671
0x9f0a988edc96dac834c158ebfe667da932bd87c6,98.96377986
0xa010322f3eea1004d16e1687777440b78f2e558e,98.96003286
0x410c8568c94f707008bb7a5afd36421b0cf6c307,98.95628573
0xdb88b5b0df1eeb8d30263b7a1b31618b0bc61e3e,98.95253845
0xc485cf598a2f0cd43adbbccf4eee85a182746e4e,98.94879103
0xd24e0a25b7a581d1adadd30c14b009047890e6f2,98.94504346
0x9939d74f7cc25f93dced7c9fa2cb8c76897f21fc,98.94129576
0x0c0b74126f0d4868750911d18ca74a174247ada6,98.93754791
0x9c9550871c8d714e90ee03e610b21f156381bdf1,98.93379992
0xcc896ace93c88746ec7dd09e1fc54ffe27fe66cd,98.93005179
0xef764bac8a438e7e498c2e5fccf0f174c3e3f8db,98.92630352
0x7669be62b519160e94ed7d90ea7d728e956c875a,98.9225551
0x7c81f6ef28412392b7f0771e903490131ab74da2,98.91880654
0xe26730ec82cd3e2e3f8307c68e417b9af74e0640,98.91505784
0xda81f406543d3a8ad6ed5a64037628af237a8256,98.911309
0x5212f225f58b8cd4c1cf2a10dcf047449dcb5d86,98.90756002
0x8577b84527ced5d2d9f299dc6027a9e049c17d6c,98.90381089
0x18ae0d58f978054e55181be633d4a6e1239aa456,98.90006162
0x49b357c9acaa84a0cb978571b642b825e964b2cc,98.89631221
0x4758a12fb01dc7cad5741246b9e2eb59ae1ef38b,98.89256266
0x8dbe431939b9c323d42e6ab160870a01f1d09549,98.88881297
0xd19fe63217a41964875069b0e7f6131e5affe2ee,98.88506313
0x4c4d962c26c0372229f7fa5760597acd52538cf7,98.88131315
0xb082ddfd74748b763f52f04558e5f814a56de67a,98.87756303
0xdcc896d48b17ecc88a9011057294eb0905bcb240,98.87381277
0x24a8c6a987c8249bf507dd7638bd832b11a5b65c,98.87006236
0xe4b0fea2c1c6c90c356bfbbe04b7233a3f144c00,98.86631182
0x034a4081df0c5a039d05113a7d0b334083a7b084,98.86256113
0x368c98027725a1dda451811d611d9cd5476b3524,98.85881029
0x76e004cde65cb496387e9d7ff0b7150812d877a2,98.85505932
0xb79dd7a1fd1298b13771055c0bac2f215f4a13dd,98.8513082
0x18ab13f62635bec69fcc1d2ce3dbe5e0bdef1b99,98.84755694
0x6275515e9cf53d2c16a417eb321bf34ad83e7212,98.84380554
0x2db428a3b1241f7590b05045b233f97d94269e50,98.840054
0xf5c7231632aa9b344093d82deb864fa1c00b8bde,98.83630231
0xe80d953d0b4f2931549473e803c95f559b6ea58e,98.83255048
0x1929a0454cdd4d925e8fc9b6c366ecd7844866f2,98.82879851
0x6a76274f50711486ab0799e75150130746ab542b,98.8250464
0x7e915cf29c5568e41493a4cd58e8519c1266e5da,98.82129414
0xc608abab7762e4b14b5693d8aeb4e848551a0c9b,98.81754174
0x6ec440154dd9c34e01d54779d55cd861de77db59,98.8137892
0xcf23abf7047685fb020ea16ee4feea3a195edcff,98.81003652
0xc8bef1a50119389ae31d2e426f7c71bf8cc10def,98.80628369
0x7c6e177d9613bbbc80557816a19a342136b24654,98.80253072
0x0ba43bae4613e03492e4c17af3b014b6c3202b9d,98.79877761
0x469880d6013142ce79e6b795e6a9f3f564feaf7b,98.79502436
0xa526ec38e974785d3be42ec23f9c2a2dd849e085,98.79127096
0xd1d972f85236d6da79e628275d5edf3f5332ddde,98.78751742
0x20aec996ce9d508a7f51b2a217bf6a87b6be0ef1,98.78376374
0xa036fcb0c60022b2f8976e387f319c14369d0754,98.78000992
0x60fc976145dd135c6bbc7df9406a60e8c2123850,98.77625595
0x56c935cac3d870b385724cae5eb8eea1505c777f,98.77250184
0xb6317af995693789900f85b2d93d1dd0f5deb558,98.76874759
0x39b4c78fcad0dc158be86ee0f9f1b867fa6604f7,98.76499319
0xb9f7b3b5492f270f2ba1ff1b6661ed27e03d4132,98.76123865
0x4d25819e9de2a2eeeddca953d1ef0182680a7054,98.75748397
0x5ce259aedcd14038ad2c35ecaa7b6b2974d339ac,98.75372915
0xab95c29198f082b86c2eed5b7c18aa5b80802394,98.74997418
0x2b11b02f5b32056af20cdf8a45d4f680b303b3a3,98.74621908
0xfb57672844380e3a8352fb34869ce7bb03f81e6a,98.74246382
0x77159783ed219c8dcafb63b2b8d69b24c774842d,98.73870843
0x285306442cd985cab2c30515cfdab106fca7bc44,98.73495289
0x683a42e5b414ae5cf79ece7e369ca5937fdcdc11,98.73119721
0x70d1b1caed2d88b844dc87ffd5f3058247090732,98.72744139
0xe82941e727d84f99329b94381e67a94524963d05,98.72368542
0x9a1c5c0021ed04ec8e06d6d62415d862c22b2975,98.71992931
0x563f254c673c3647339fc2688e44f5ba82dfc799,98.71617306
0x2ac4aed3a8295b967583a131f6214297f1ea531e,98.71241667
0x9709a9f77d4349e1da4220f1458fbe9339d612e3,98.70866013
0x7bc0ceafffc2f2322f07c3058ffbcc2fa7c2af7d,98.70490345
0x52405eff99dd4c2015463dc511573344f2e2e8d7,98.70114663
0x053b7f29bc6d95182f0e54efc86549938878647e,98.69738966
0x9512e79aa38f53a6a758930400e2494bcb5bbf0a,98.69363255
0x0be0ecc301a1c0175f07a66243cff628c24db852,98.6898753
0x9a550b9faca1480be496e09d62324b754da14c45,98.6861179
0x229229284c0ea7c2a898765a5652fc03f0e35293,98.68236036
0xec3281124d4c2fca8a88e3076c1e7749cfecb7f2,98.67860268
0x5444a43aea36f3cf015aaf24a938ae6baee2614d,98.67484486
0xc766ca67ed7216bf6f67e449f9789daddcc0e9ee,98.67108689
0xa456da10f3cb6116110c61d0e9a150a6406d1a15,98.66732878
0x76e6c4a0cce7146d45f3f441895798cd8c6ad032,98.66357052
0x3f70d4927adfad26eb7b1574eea7939d347d902b,98.65981213
0xc9c50b55c3085606ff05c70ac8cbaf26240891ae,98.65605358
0x26913116f5173837ae66ed17337e5faec12474d0,98.6522949
0xb73175a10dbebd97ba55fa6b869b1492492f75ea,98.64853607
0x93667dcc21f791f71c4d8ec19ab5fcbbae06a389,98.6447771
0xa50ecb238bfa1b1c9050c58cf3e99c99260c4ed1,98.64101799
0xd527c56dc2ac6a71f04242548039d07006e9103e,98.63725873
0x0489076a0d17394835af93cd62acff703b6814a9,98.63349933
0x9c671ecf42501c241fd317a04b38e6c894f17b52,98.62973979
0x58f39ef71b86974268647df973b998baec7dcb28,98.6259801
0xa057722e85988e6f58f5d02b7fdb1f630729e6c3,98.62222027
0x01e7f16e17c50d070eb66787f25ce3be405d6038,98.6184603
0x1d419c35db08d8bee2328e70251ec8766a11d71a,98.61470018
0xe9fa0a8ded2afff8f867dfe820e52bc79cac0c79,98.61093992
0x7686c25eb06ecfcd5f30246e1ad118d57dc7f4fc,98.60717952
0xecbc2901efd668a049ec86e847c3a70552d128a7,98.60341897
0x363116a1d6696fdc3d277775ee74297f4a79be20,98.59965828
0xf41fbe7c0b6943bdc0ce48ec1a506c0e17c36dac,98.59589745
0xd5c91f3ef6610dd5b1428bf9a67e3c03323c65f8,98.59213647
0xd5c1e107e2e7cca9ed66a1b3fa0bed5c80f9ae0d,98.58837535
0xf0ab8776883df3bbda2c8f27b2dce8b3609d88a4,98.58461409
0xf9c5384c9711dfd958e27856fb4640a8ad660def,98.58085268
0x7ed40353909c23fb61bc2bb29096ea1bbe53f966,98.57709113
0x3596c017ad351628cd31980837c0938ddbad7e49,98.57332943
0xe364d707d9929e1685cfa3914ee427f9d4a89675,98.5695676
0xf6ad502ac34cc67f3a86b4e6a4ea802409b0af28,98.56580561
0x90ce18764f6d463aedcc361d07393b42b7e3af6c,98.56204349
0x644239848c7b402d813295893db428aae7cc4cb5,98.55828122
0xbfc54c36fbd010d53975ef38e90462c1a7afdb60,98.55451881
0x3fdfeed11ffa600e3ed61f522c5fe89c1b0620b0,98.55075625
0x43e1f62f0b538ab3d01c33cf16898dc941f03066,98.54699355
0xb4dc65f8ade347d9d87d0d077f256afc798c4dc6,98.54323071
0x9e46ffd82439c6c6017541bd4ae9986b64eab5a2,98.53946772
0x17e33637f6b64e9082ea499481b6e6ebae7eea23,98.53570459
0xfddc634939d034bda830fb7929e115747ebd9574,98.53194131
0x852d0f03389681cb713795648bc157e878562786,98.52817789
0x4d37f28d2db99e8d35a6c725a5f1749a085850a3,98.52441433
0x55857b9a18e15a298136b3118af86bc9503b3eb5,98.52065063
0x9d14f0096d3a7b5090b0e08860834684d48b021d,98.51688678
0xac3cd223a4d862270373613bedc940f083618c37,98.51312278
0x03d4695df4b8d321d31c94de8f430e3450f50498,98.50935865
0xfcf8dd90c50d2f7fd7b292ba6820ad09080442e4,98.50559436
0xac11719dd03db03a4ee0825fe7888b09db42c736,98.50182994
0x58df55d6ab2db99d440241a607d91898b9ffd046,98.49806537
0x3cc228f907bc37cbfdc1e415d2129d68aa3c4864,98.49430066
0x750d0162291a09397fcd46c75355a531c83ba26e,98.4905358
0xd1edec711d5ea0b4b064b678ff4a13b2c2a5ce8b,98.4867708
0xaa4523a4de7d7458a966696b2e26b192a8aa275c,98.48300566
0xa1fb07d9f100365b62c3913bf4cf1c6ede950be3,98.47924037
0xd00ae74b8a2a0b3c17636cdcf4c4e72149f2ee20,98.47547493
0xe8bf424e047372d249d0826c5567655ba3b72f18,98.47170936
0x9b1b504491fc206368bf048ff564249d8a81caa9,98.46794364
0x479cb37b53d5eb04b6a337ac3d2ea447619eb87e,98.46417777
0xcb7f677834fbcc8e0645809e2021486f0741da09,98.46041176
0x40e652fe0ec7329dc80282a6db8f03253046efde,98.45664561
0x7fd6558b81ae5e2153f0ec30bbe5d22268f17e7b,98.45287931
0x800c443d4fc0048d2f4a83d64cdec93a824be745,98.44911287
0x9d204c1988afeec88aca81c6af6d74833189e392,98.44534629
0xb0804b6dbe7159bddc1b6c9c00c796d94eee1858,98.44157956
0x5e055693d6fee356abe3ff5960584b839184101e,98.43781269
0xbc45715240433801c7a92cf18577d20968884cff,98.43404567
0xc94eb904b1fcf75f5921357802c07d3c64bc1eff,98.43027851
0x8e5d30f161ba3ebb09dc3c1f06515656af34baa1,98.4265112
0xdab02b8a30f1766f05ab309b5ff19f9641e2da6e,98.42274375
0x737284cfc66fd5989f2ac866989d70ae134227cb,98.41897616
0x3111327edd38890c3fe564afd96b4c73e8101747,98.41520842
0xfeed2ebfafec07ad46233eb2930d8c545ba01441,98.41144054
0x4590219b226e50fe8ee023665a087e4eeaec1e1c,98.40767251
0xa7f56a6dd807d40fd24f6e0f56f1bcab7dcccaf4,98.40390434
0xd80c8da4b37cc49a5ef4521fccb56052378b1c78,98.40013602
0x6169f1dc3375a38f9181651fecb26549a4498807,98.39636756
0x0fccef1c29deddb1e2a007ee9c1edf63149aa6b3,98.39259896
0x59432b754d7db823c591abd41ab34115d3cb2266,98.38883021
0x763324b36cb8ee3abdbafce3ac6e62a337f086ae,98.38506132
0xcf6f40e87b0ae78e891ca4a552f24abfff733f80,98.38129228
0x39dab51b477cdadee45191abf283ec8b3e4108a3,98.3775231
0x650a4c05028d0cd1694f1ddd4c8b8c0b2a92e410,98.37375377
0xeb79ec79e69b82cf24bbb46ca3dfad86355b2738,98.3699843
0x1712808a5d99e8fa244079d50e2a3c46afcafb35,98.36621469
0x6a84c6bff095d29d9618ea0b3fa6bacb37e640e6,98.36244493
0x3550aabed267d01c8a50f3649e3ef40374325b49,98.35867503
0x885fbc6e02db6b1d26de3f73e80ad7f1ddc10021,98.35490498
0x427f2ac5fdf4245e027d767e7c3ac272a1f40a65,98.35113478
0xe00d4fa460dc0712b194803c9700190579bf0078,98.34736445
0x9da8e0f410c2efbadf1e7c4e1815d3757a5c4aff,98.34359397
0x7e2bba2705c5a7ca8be1237f3c32fe66c192b311,98.33982334
0x908d1c7b6d8fb62fa67d55eb7f76dc0e89c1cb4a,98.33605257
0xf11d95bd4c18e4a792cd3ffb581e2c30890724a3,98.33228165
0x4a05b10f49cabfec5c8d41b804fc6a7303efe02d,98.32851059
0xaef23ca0ebdfa98c036e724df028572bf89251e9,98.32473939
0xa87ab61574a159ee2466ed44dadcd7b9fb292ec1,98.32096804
0xc8b9bbba82cbe9f56ea20344cd5dc84066f994ed,98.31719654
0x9ebcb75c803b4f905ca178346acc35d39d6048b0,98.3134249
0x389135c984febdbb310adaf23a690dc28c8fa62b,98.30965312
0xb210fa87b8b25c26648a4226ed0fdfaf5cfea736,98.30588119
0xfb0018ad46c669b6a4c0e589c53db27daf7f7930,98.30210912
0x7d3ff21df6e555c6f2accc0c437f9e31fffdb6c4,98.2983369
0xc87968a7f12cbddb2a7f0a6df27b619cc5032859,98.29456454
0x3186ecc1be7c22a5bdd873cd3937a0c98021eee2,98.29079203
0xe5c10b9988ce6f1e56cc3a142f2364edfa890ce5,98.28701938
0x1954c8cd151de0d0946fcc1e8a97545f711e2380,98.28324658
0x7219786a67c3ccaf08545d8cc5634af1eb869e5c,98.27947364
0x3146ae342d04c18875736f15ffa6f8396ec0035f,98.27570055
0x413662ef87c5714c0f91294b3b39f5ec4a84875a,98.27192732
0xec8e446c52f2d4ac9048aff1813c636ac8334fc9,98.26815395
0x5e41408192ccb2be827e5d0d5f6ca1c5e1513131,98.26438043
0xd482a29319200288cef83a2c201b38ebe4e85bc2,98.26060676
0xdd5de11ffecdfa2e337d67a7645d997ca921d9d1,98.25683295
0x72c47b66738c20eec96c7184e881c035f29b3da6,98.25305899
0xcd47c8194c0ea6b938327cb82b4f5b9aa0941c61,98.24928489
0xff19ad332cc5bb32703a3058c6f93ce177cfbb08,98.24551065
0x444cb6f93d330aa57425d8b4ca4f83897e23f4ce,98.24173625
0xf8e4b34c2fb7ffe48c2374da8a7f0fdc3dbaecbd,98.23796172
0x6976b21f3c91bd112aa41a6ef9be5212852db6f5,98.23418704
0x0598df9ef51616e9c015a4f17918507259b22baf,98.23041221
0x6c35e3921e3598fff2c1ea23872681e6f2b08b3d,98.22663724
0xd441b7e82e11d66b981f879fb1d4720876ec941b,98.22286212
0x6eede1c561f85f99aa5036bff1a950b615bc185d,98.21908686
0xaf7f2ee8a6ddeb1e4b0fbdc8b0ed294e0a8bf1ec,98.21531146
0xb609547d9a2d0fea521bb46893996c0739f3b6e9,98.2115359
0xfed42cf9afb5ac6ae4d5d2554d28e4116b8c1db4,98.20776021
0xab696f0470eebae1b17f556c3cc38f968fa9533f,98.20398437
0x09a0da7289a60809992d819530833f4053124090,98.20020838
0x4e421e523db0a79f8d55dc3dad8304f56a7d0213,98.19643225
0x8f56ce34d90141e3ba9d78f43bbc80b510de3e9b,98.19265597
0x003dc32fe920a4aaeed12dc87e145f030aa753f3,98.18887955
0xbddf6cf9c825b319aef8fa3e6f8c7afbb4aaad22,98.18510298
0x7284a8451d9a0e7dc62b3a71c0593ea2ec5c5638,98.18132626
0x4faa92fa62777854602897724efc8fc004b533e3,98.17754941
0x54f987c0a786031357427211046d9e7ef61f3891,98.1737724
0xb7f8a5bcf79b6bd38c7b2a650d6a3301dc6293cd,98.16999525
0x2577a8539cb2194acd72f035dbb691ce5f406d3f,98.16621796
0xe2850aeceac7e8d955813100098606bfd1a01fdb,98.16244052
0x7d33a161db5b1e7fb910ce124b347555d90bf59e,98.15866293
0xf4698ee4f8969ea513c3d15ab3b7e4814767c9ed,98.1548852
0x3566974231473a3456d2305fea0bb0944d2ed698,98.15110733
0x61117012f9fb63cf0e7c688c76bfc874db3c6874,98.14732931
0xf8761adaea7ab8c12cdb35bfba35b12dd7e76164,98.14355114
0xa36b808d080ad39d93b861599ff7ee7ff17bcaf3,98.13977283
0xe25b6d71bab6d363de5a5d20fbfd6e507760d3d0,98.13599437
0x531146f30be47bb171cb2039c25a4ae5d4fe164e,98.13221577
0xcd7318f3c1cfccb46b5b28314d4d5ccb13da9273,98.12843702
0xc4126a64c546677146ffb3f3d5a6f6d5a2f94df1,98.12465812
0x1955c2b76b1cf245795950e75eb176080879da50,98.12087908
0xa87259f8e14364953d91f8541a7ba0b32e5e7008,98.1170999
0x41af9ae8cc7f9bae07fc6fbacedbf810f6e18478,98.11332057
0xe5c3f63f8621b75fb6c4148180e265a75f5d2995,98.10954109
0x73317d56c0b905c78ffc4485b65323cce1dcf050,98.10576147
0xdb15485f9d4397a1687cb3f4b372acb9794a923d,98.1019817
0x2142efcb2870affc21b4f2ebbe3976f446ce2b90,98.09820179
0x06d57af6792edf066046aaf958d92ae5558e0e56,98.09442173
0x6bd6655a5c379dbf4ae32f345319794700f22b56,98.09064152
0x7bbfef4689f03f632ca46382c0cefae4e8ce7bf0,98.08686117
0xb7795377cd00ab0464a3f7b0850d6c920d2938ae,98.08308068
0xdcfa077f4fdd8295b2efafb5110bfa56e204a832,98.07930003
0xb141936c797fb48714c37f9168d8dedd47975191,98.07551925
0xcb9b091ded976546a20a409823dd6f5f092ffd86,98.07173831
0x5e9cabc117d435ee63f08e56f2aebd0510b3bba8,98.06795723
0xcdc65de2a7bc4b56d20e98a387c1528e58bf3441,98.06417601
0xb6277cb5a2abd2b296c1d7f61a8f24c2d4942f9f,98.06039464
0x80e7f0ac7cd653065a17c53ef3064332b4c20d4c,98.05661312
0x029d68ff4b05fc4102d8caa77e28c585a32cdd16,98.05283146
0xbe746b3639af3d3f3a743318f11ce4073e71f42d,98.04904965
0xc18926cb21791bfbc2c8b5b80fdfe68a6757d819,98.0452677
0x82393d1ba28d5ce715b18cbe16b882d5980b5288,98.0414856
0x13450bfffbc786a3a72412830912e96ed92f790f,98.03770335
0xcad9102134c811f515744a54a84142a89fc57100,98.03392096
0xe15103fe6728f5176d39b2116291193420a8b08c,98.03013842
0xffbc36636cffeee51593f6f8048f618138b5b793,98.02635574
0xce5df252fe61e31937cc258ff53a3071e4fbad02,98.02257291
0xc9004eb172a1cf5afca47f38bea59231fbe96406,98.01878993
0x13ef2994550557b3e359d68df43bf68d32f8c5ba,98.01500681
0x5a9c80f8af323177a03037674157d4120cc1f28b,98.01122354
0xcefe90cc777eca4c9303de0ed62b60d1b779ae4a,98.00744013
0xc08b8d37fcea0a2a3cf3b7120995577b309ec33d,98.00365657
0xa6b5b157670fc71dd34b3e4c8336fe72c0358c78,97.99987287
0x15da10cf7189f93b5062ac531ae71818be873bf6,97.99608901
0x6f5c5b10993a67fb1a65875a2e9db38906fc62cc,97.99230502
0x381a17eb78501498fa183c81648b4165826e1af7,97.98852087
0xe1aa177276a304510b5168395dfade2de2e91479,97.98473658
0x9a7f8374f79b01a49393b4d0f1280b64807757b1,97.98095214
0xb1dc0916b43681b86ef90961042a3399d076b967,97.97716756
0x6316ff9d2c96b6b122e0dd632ab5831e0bf5bd10,97.97338283
0x5a6866c510e60c625543112e42304d4911256006,97.96959796
0x0f05c46d5532337a9138508e0ae5839a080dd81c,97.96581294
0x47b2efa18736c6c211505aefd321bec3ac3e8779,97.96202777
0xc548e2ec774355e7d14b9880daf8115075c772e2,97.95824246
0x57c41131600af2d0ea74d7a7ffab385063b89267,97.954457
0x10df6a0cb091880a7285953b6e0415c696d53bee,97.95067139
0xecf65013b943b0f15cfc09882d2afa273d0bb7e8,97.94688564
0x6e476222618bcf99e2cfc5ae817cdf0e89a65f22,97.94309974
0x4272d4cad0582720d2c328b8377d5ab5311c636b,97.93931369
0x83656a4a99d946dcc731cfabab079c823ba314c8,97.9355275
0x6d835bb6bcce3bc2cccdc88fdf32ef73f88400b4,97.93174116
0xea431dc0b54a79d1c22f63db97f5dff638390d98,97.92795468
0xf6b92a7fbfd0c93ee5bfec23241b5f0a233e3209,97.92416805
0x2bfbea421018a8b0174d843503f67b28a8599d43,97.92038127
0x84c23a698e9ff0a533fb3897d6832f8ac529740c,97.91659435
0x26155c3072f0b82bf04d9757e0ba58f0de16b171,97.91280728
0xfdd43923340736ffbcb31c808ac644922c1df05d,97.90902006
0x9b4fe6e006023ba449d6db9bc33c2732428a1f28,97.9052327
0xc1ebf38c0353f7abc6aeb1356c9616b1ee2bcfcc,97.90144519
0x9e9bf7495369e73e76e0f41c00481b16a270711c,97.89765753
0xafcdc9b44b3d9725d9bffd6c0b4b58c37d197490,97.89386973
0xc209cc607c81ca7d8c0bfca7bfd6144c74a7e238,97.89008178
0xe0819c89815a3376e2a9a02d77e4e4a8c8387adb,97.88629368
0x22613c2a7c378868e3beb6657d0853c397c0c744,97.88250544
0xb5d70109847cbc4aef541f4ad19c741f8b3dbe1e,97.87871705
0xc91f9d3c6630525c92e7bcb93611def307249280,97.87492851
0x22fd8facff29b66738ab35e4eec70bb6207389e8,97.87113983
0x43860346fcc6e32d26329ca4cb20ffae54c803d1,97.867351
0x9edc97c4f8f87ac6c178d1a50db7bc60a0c4a491,97.86356203
0xa7615cd307f323172331865181dc8b80a2834324,97.8597729
0x9724749c7f1275a33cc9ad96e37c82c3135bff85,97.85598363
0x0215c1aa89283d755c6a79d99153b907dcfa73a4,97.85219422
0x6ce6afadd15996a6c3f3469105cb17e70b2d14f4,97.84840466
0xa218a8346454c982912cf6d14c714663c2d510d8,97.84461495
0x0048800e4f0f43c4867a9326402c69c28cd23bc7,97.84082509
0xfa540b8242565c014773ced9f0c45bfdd0ed1a8f,97.83703509
0xe641a5a9f35fd6ae40a42932c6d2cc34f7db34b2,97.83324494
0xb8b73911df9ad550db0a25267a31242a388ae8ea,97.82945464
0x64ae361c1c55f61a02d2c67a4c78457d5169ac56,97.8256642
0x30caf91380d5911d417f5dada36f145897bc7f72,97.82187361
0x01b29eb97ec05b81abd72b77035d99dc1b482c1a,97.81808287
0x0808898d835d51d720e384e8a856a2c671e78f21,97.81429198
0x16a9f22a182bffc81a19a100da0e762b017933f8,97.81050095
0x010afb8548a5d1a3a3d62f58ca0a5a1329974206,97.80670977
0x3802746539177b3e0dbae6b105ee18ddb11298a3,97.80291845
0x7f5dcb103fec40f9ed4509753706f2f8a709ec3f,97.79912698
0x178662db0ea4aa03f3fef01b869627529ae2fa32,97.79533536
0x08439047b3c1b1c6fc9a6c62a1daa191a19e79dd,97.79154359
0x818f3fa1008b355a85e9f78004ca09ce3e8e5e1d,97.78775168
0xa11b4c17f11c3517679477d218a2bc2fdcc6dd2c,97.78395962
0x48aaca81c945e1e84da4d662e0de579522bef4c6,97.78016741
0x822cdf10f5e8276da05cd25bc66b9b7aa7a0fdb0,97.77637506
0x7a937b0b8d5491fc5d626870c2e4f8e7f46acb62,97.77258256
0x14f632059025ba0e2d710ec22cf0f1ca80df8576,97.76878991
0xff2bbb591d9ee23259e3e95d931ee59a61b2212f,97.76499711
0xbb6d1a9ca8e7f56a385c0808e68627d93193dcdc,97.76120417
0xafd76547db46ba920b25f5d1a523897d401a130a,97.75741108
0x9b430e71576c80ca852bc90a5ea672e9845aa060,97.75361784
0xb3375a5c855d36c895f3c00e681be1094a5b9d4b,97.74982446
0x4b2acb5a7fcfee322ce3cd8344ea466954fde7db,97.74603093
0xb5b4c4f6a656e6a9c1fc301b206b99af95215245,97.74223725
0x22b660f6e6a007acea649acd028a8d057c15620c,97.73844342
0x10f363d941352887cd28d47e85e19e124ba5ffd5,97.73464945
0x2cdaedb560b5b1ade8804f891c0e0e083209758e,97.73085533
0xcbfd6ea8537b5a558aa058b603aa1256047f2ad5,97.72706106
0x3977504a7240f400d608f5b1c7f7299556b284c9,97.72326664
0xf8a099545c0f2c3d3e547c048c2f5589e53b54d5,97.71947208
0xe1b0e71dfbf82eb2521ed94508e9b0b6eed6a634,97.71567737
0xf3f65a1862e8f4cf1b3f7b418ac45ef3084bd95c,97.71188251
0xb3597a560e312af23349f599c3318b79e244ef72,97.70808751
0xb72491ba0884324ce1e52a7d65efc3997eab590b,97.70429236
0x0470f22d198f15514085dd1fe72042d31ecddfa9,97.70049706
0x8d026aa86107a8a32209c1d427bb92a03d69fd8a,97.69670161
0xac2ee30cbfbc1666be74160dd1af17d32a1db30b,97.69290602
0x22980545483189fa00cc8fbdbe4fd31598f217bf,97.68911028
0x8c606e6722bada4ee78147bb47acfff79f10eb50,97.68531439
0x85d9d9d822be4d951b020b62502467b109a531ac,97.68151835
0x4f42bc7a649e136d5fa6966a4587ccf17306f980,97.67772216
0xfde695f57f1800f6a6012038ba6263f436b3cf68,97.67392583
0x649094a529cdc53f1e8f4c05be0d284f4fe63408,97.67012935
0xbe8142866be40a11fe0123debe80b8cfb3d62e73,97.66633273
0x0a5def83dc12ff5178b66a558465938b7424ee11,97.66253595
0x98390dc74aa2195174d937c92ec69bdf7e74bb6c,97.65873903
0x1a7b1085d20ca63e9f461969e21c021f92a7874d,97.65494196
0xac6839669f1511c3a60020e42f2566d2eff0aed1,97.65114474
0x70056d4450ddc31a61146fe91283aa3f645ec1e1,97.64734738
0xd8a62ad8a7efa8a3267932d2e478c026566fbe34,97.64354986
0x0c488c9a8118a5163635a6c7a248102980fda4ad,97.6397522
0xf1b62279dd4ff8d0af244bab1efc59b1d7f778a8,97.6359544
0xd6d30f186e802c1558b8137bd730f7f4aec17ae7,97.63215644
0xf69e427017325ad714feab1fe3b8e8694ec018e6,97.62835834
0x849f17c54d6dda08162ef328131048d95b9b2c71,97.62456008
0x4ab52791c736bc26d1933b4940ce8454e0474d03,97.62076168
0x8e5f314bef229024e317a2cbff843b56f87fb7d0,97.61696314
0xed3f231cee05f16db1cd97b7aac4f285f3ca5b7f,97.61316444
0x21f79012dd2db02712e42b8146bf15f4f950e976,97.6093656
0x0e1e3d1869116c657081c69b1610d731e5488006,97.60556661
0xb3fbe25be2e8ca097e9ac924e94af000dd3a5663,97.60176747
0x9a586521db706d1b626737d03c3f59fc1ced8df1,97.59796818
0x5cb7290485dacee87e884dd751c4a3950fe41457,97.59416875
0x9bb36404df5455eeb80205e5730631c6a1d64c9d,97.59036917
0x90c3729672a0b7a9bb7553e76c477cf873e3bc33,97.58656944
0x77d8c672d9fc98e44a036b2b24f51a9613da7e41,97.58276956
0x0bff4468bd9f6046b98bbbe8479c6b939397a6e2,97.57896953
0xd34b49026e2822cfb8b10618d54c312a07139bc6,97.57516936
0xb8eb4347b64999bd31498d3834833b383d59f4fe,97.57136904
0xb2a82a8f0223dcb5020d9c593977e172fb33165e,97.56756857
0x03cf046a623dcadb6e13d1ddb94741976ae525ed,97.56376795
0xd38849fa99901d9c949e2508b104350131fb11bb,97.55996718
0x7b325769124cce64277ebeb4d6fbce65276809be,97.55616627
0x54900a355ab53686acc198553665c0fa6810fa0f,97.55236521
0x7db7da086318462a46327b8f2d46f457008cc111,97.548564
0x49ecb8ca5cca9a65c8450201935c609f62490303,97.54476264
0x99cd4625a58c27df7616fd4e5caba5803a875cfd,97.54096113
0xe82542051b5e3ef94ce93c7a0473082dd3932bd5,97.53715948
0x8581c388a30518884522fb177a92fc2193510814,97.53335767
0x151a64570e4997739458455ba4ab5a535fd2e306,97.52955572
0x10f02f04d44497d3fb4a7197bdd9198098a63257,97.52575362
0xe1c8917a4f45d50c6a66cd82a3f37f1a7d798746,97.52195137
0x513d9f94272c36121adf4bece7ee8685e74305fa,97.51814898
0x2826c63a8d316f8fb8db3ad9e834aa7188010b16,97.51434643
0xcb7a8524cea0f54b4588d00757006aef0e6b2333,97.51054374
0xaf4d7e7b9deba33b7ae57d08bd8eae8ab55d8254,97.5067409
0x28552ea8b232fc63d6ce69692d8a723efc5d4502,97.50293791
0xb3696bfd947104624a838dd0ae1282756e47ea39,97.49913477
0xd3069c9e486a8b77add55ae3ceb3a4b138fb76c7,97.49533149
0xd96e30349c431a458926d4664b4f8be97c35043b,97.49152805
0x59eb9490e65680eee103736e489b35ef57a3125d,97.48772447
0x4a86e4fbbf5095d769b334c14fe1fdf21d8c00c6,97.48392074
0xbf83e6e40162c655f2ded3431b7b31307275ac95,97.48011686
0x17076e27c23eb7afb9f5b555aae97fe06fc84e68,97.47631283
0xf42c5c708e12eb4e46eb1c3da7dcff7957edaf07,97.47250866
0x6f4cb27afbd5229a4bea46f2ab2c5c2e3aeb7ae6,97.46870433
0x6d4090db32d7dd417668489964c05ed6811671f0,97.46489986
0x3bd856465321ead1605286938493169e9c9011cf,97.46109524
0xc373decd953ed7e4fd78f4c39aa41a44448fb6f1,97.45729047
0x564cbde1252fd0bdc145062f7ea2ac976704b5f3,97.45348555
0xca125321e0a8a60d882f1b38fb7077aaa8eaf53b,97.44968048
0x422a7a86a5a72c2a8d977fb4c3df1d24eb9ed830,97.44587526
0xb9a8deae8115c7d7b8aed2ce4610c54e023e964f,97.4420699
0x794b09fddf3aaef48f28a4349db44d47aa742307,97.43826438
0x04b15ceb1106153abcd7e00a77f28d5bdf3c174d,97.43445872
0xbd3bf40beebea315327cf69ece02431338f7efe7,97.43065291
0xef8912c26aa017354e975892e92ae9b8079e4e84,97.42684695
0x0029ab135b5be72168bf80f140d60a9264dbd0c5,97.42304085
0x793acdce9db7bc3269513652923d543b4818e817,97.41923459
0xeb23e02024b8b98dd988d39482ec4bc6d329199d,97.41542818
0xb4af2a77dd98d083e9ab64b1a15f172191279f44,97.41162163
0xbf5b9bd197e9dbf3f2ce58e5b1c35b1bf383b5cc,97.40781493
0x2d19f32620f647d08fa8b9a0fa5206fae15c0ed5,97.40400808
0xbb22eb7e30b29f5e15f7eea19b3523e80b730509,97.40020107
0x0e94f1210151fbf7003924efa56f4a73f8f8f507,97.39639393
0x2b356149ad5dc8970f8666706d32c171a13f15de,97.39258663
0x7fbe66206e5eb811173af1317bfa2a7838f4c270,97.38877918
0xb83470cd5850de7e5943c4decc5620d48e4adc9f,97.38497158
0x043e318a6c11970e3f7950dff7bf51657337db2c,97.38116384
0xa7b95d2a2d10028cc4450e453151181cbcac74fc,97.37735595
0xd8982cf39b93ca723ebbca49efd04d4777a9686b,97.3735479
0xab8791b0ae982187b4fb4ae4612bd4c29ec6c110,97.36973971
0x848769e27677cf08059581befdb65f4af3d69b82,97.36593137
0x0385f650cc068367fcdc2f9f739766f82405fd09,97.36212288
0x380e92c897b0856cc4ffdd0accc21ba01c9327e9,97.35831425
0xaf9e08f3020e624c945cc446e8759602049cb176,97.35450546
0x5d294292439fb1ee1d03be683dc283c4dfbb7180,97.35069652
0x5f16e88a1075b6ce24b90ad8315f75772704a40b,97.34688744
0x6f3deba69e2083020da61c38387636231bcb012d,97.3430782
0x806add7659fd1fda4b1f2b981a90a12d3373b2fe,97.33926882
0x91519989101d5d5f1a5a364a76194b15a9098a4d,97.33545929
0xd03ff5274e6ff0b43cee31cafe1c40324fe5d33c,97.33164961
0x5725e5a918eedc6f750ffac876230a09fdfabdd4,97.32783977
0x9f94c214bd9064ac698dbb85940c073d37619189,97.32402979
0x4a7bd2969415426e7a08527ba262b8e8ac387003,97.32021967
0x80559932fa7cf2707b40f4541fcd93eec4ab4266,97.31640939
0x7fabadbdf7c144c9e76ab630c8f3073ffeb5176e,97.31259896
0x5e04c44bc532c39805ab789c60879c3336e443c6,97.30878838
0xe77552bd37a8703e4c54b4e3ff259418fd28a831,97.30497766
0x44690cc3c6a8098406f2837e9e1780f32f0b3486,97.30116678
0x30ed5773e9c1023a266483d7860a2b19fa4c736c,97.29735576
0xa6db96e77ba9876eab90e0a2f98d32865fd5b780,97.29354458
0xd05955436368c9659b7a1bdf8f0427ca8c193b11,97.28973326
0x9b43f18a251f85d168ccbc25724818070795cfa6,97.28592179
0x9e3debb15bc97dcdb5ade6fe1ea171bd7256a5f1,97.28211017
0x4846e45c101a8339be5489167f5aba5fcbf37bca,97.2782984
0x16ad3f1c89ae9042f61e2437fb81736f5d3a60c4,97.27448648
0x49fc009dffefa57260cf302ef32f5a2b82ab94de,97.27067441
0xe5998869c7ec6b901bc99eb4ea7c38fa5020f4e6,97.26686219
0xad52d26c3a57764a289f5bb1cca0720e63f317ff,97.26304982
0x4794764b746913abe38dbc7a373022bfee5b4a06,97.2592373
0x071a79b04021baf1b6f32a5c233c7d01dbde0e0f,97.25542463
0xf48e239bacc7cfd731570796a3aa4f324139c888,97.25161182
0x7e07df4494d448171991604cca6ff9f4fa187178,97.24779885
0xa4fcd20d161f62dabadf89e30e418ea0b3d2efcf,97.24398574
0x6060ea8c8475d22450a09824bf53795ad08a61c5,97.24017247
0x18de0bbaa2ec3dca4451b5a05d4a66cd245bbd91,97.23635906
0xe51c377490b46fb13863765570da529a7a1470e1,97.23254549
0x280ab19aa0919d9eaca064dc949081defb0d2034,97.22873178
0x60771ae4c5f558a2fc050048619f1b4f1b8a69a5,97.22491791
0x426ebbb08ae13e7956b3dcf18e2cdfe8db38518a,97.2211039
0xd8595ac2836b7a8040f046e751b42088436b6365,97.21728974
0x1f5b671c77137e95026e71cbff71d7a6dbf72b63,97.21347543
0xdfcd4f74729d858f98fe0028d05b27226f0e8bdb,97.20966096
0x3e03e274eb8c770d95b849230cb8087e192ee311,97.20584635
0x770fb298e70df0eb42235671a53e3210dd2ec2e9,97.20203159
0x8526b4b58dbe41529237e623ab5867cfb50b7ccf,97.19821668
0x992cdb5ce8803aa88a7b9345cdfb7c8ab3456d5f,97.19440162
0x6b7cf8d60765d8a50df57f8228be215c202a3149,97.19058641
0xbd9ed130a53cfafcf81502e4d35329a6c4d53410,97.18677105
0x7dac5dcc33e665640546d2db1d3fe88b27e0082f,97.18295554
0xebe8e5d92957c947bdcf9970fdb9898632fdca80,97.17913988
0x42b9df65b219b3dd36ff330a4dd8f327a6ada990,97.17532407
0xa7c9b1962d47ecd2df6f6819af9bae3655728d62,97.17150811
0xa1754f7c9f7faccc4e83c9c2a768b9dabeb4d50a,97.167692
0xc7f617bfbe2bdd0d113e77a5959e2b5bb5619846,97.16387574
0x474a89f2c8d20788f80dc2f9d09411c43fa2df2b,97.16005933
0xac63313600e87da91eb4ff50ab3ad2c2a053aa22,97.15624277
0x6378584a7b7916b303fa9398f465f92647033be7,97.15242606
0xfea0904acc8df0f3288b6583f60b86c36ea52acd,97.1486092
0x6ab615cf8decfc488186e54066fc10589c9293a3,97.14479219
0x1a7e4c7ce76f0d744f5bbf4239b01d58aafb2483,97.14097503
0xb32a3c94556cf525e8ca749515762fd04d9525a3,97.13715772
0xa78ee63eec17dafc88c482cb5aaed1d714b85494,97.13334026
0x083fc10ce7e97cafbae0fe332a9c4384c5f54e45,97.12952265
0x71a8d301014c1e4fb3fc4b281a5eb5b6042fdff4,97.12570489
0x5040baebb06a7699867574db0945f9c629b8b2be,97.12188698
0x876b71aa426fad5127910d3cc792e818b8229cf1,97.11806893
0x1a6db538813dbfa63e1f19f8804447187b7d401d,97.11425072
0x639e4bb8d28d477beba288da38696948df14d68e,97.11043236
0x83fd884260b40c14d44d4b508193eda8c439b688,97.10661385
0xd78099833dfee222d824c6260520c2d4339f6ffd,97.10279519
0x8e2b4f283e3828b41343c4b24549b5a5b36b6632,97.09897638
0x39322594967022503ed1b161c7dbad3350767962,97.09515742
0xe7dfe56bfaa4ea4498ddd9afc3f4d35631def18a,97.09133831
0xdb191c72f20b2bf3525364fbdbc64409f79951d0,97.08751904
0x1238b65555ebc62a386e54f7a4bfb84fe7d82a14,97.08369963
0x641c0b2a037f81ce0414a830f479ac841e67d8b6,97.07988007
0x6efd5dbb3e3c96c4c8bc7376aae263d1c0e7f532,97.07606036
0xf1bce30fc2f7d67300d813ae91a63cee24238fad,97.0722405
0x466e776bb1360590d43f0a44df4507144b73d4ca,97.06842049
0x91970127fd698b2716c36633ab396a797910a24c,97.06460032
0xc1040696df61bcb377ab27f71644447d08aa01f5,97.06078001
0xf334ca06fc59d6bb0ec937e87e6ed59ff7ee8017,97.05695955
0x6f43578a5bc4c6c893bad3c1598b69d1fdfdc692,97.05313893
0x9c14b155d57962c26e66bd7fd9794cae483c6555,97.04931817
0x90acd0fd2aa57ceb17bea4b9a7c95071d94c5ef0,97.04549726
0x3a6d6e5e4b8c3e9bac29ed12c4243377e64f9b4a,97.04167619
0xe5818d70a9b5aed2bfde4e41fbcb07dd80f8fc84,97.03785497
0x37963907072ca1db9fa5b207f323a69f0f454fa7,97.03403361
0x8f46901fc234cd942b88e6056ea58226207f4ca5,97.03021209
0xc46bbcd460b0a29ea753c6f166da4a24dd45b584,97.02639043
0x3519c48df8f9e88fedf97039b82a2be2b7976297,97.02256861
0x7f8e903f0b33793ee3eb3e1c96f1202bba65221d,97.01874664
0x3a42a8819ba3b31ef391ae4b8eb77cf8273fe764,97.01492452
0xee87486894b390199aac78d2e44dd212d8395600,97.01110225
0x6bb1be45c80e14b6ef600df5b018df12a7b245c4,97.00727983
0xd9a25a008d5e5973a7e439002327a62d56adaab5,97.00345726
0x38227d153f7520e78ae9c9119974be6eececaa05,96.99963454
0xd918fe4229e53ecbf53de43c2a5b5e3aa735c341,96.99581167
0xe366d4ee1affbe1510cdd4190c02dd0ea7eb2419,96.99198865
0x26b46c62a7ef0a545b8ce0f6f972da9394661bc9,96.98816547
0x0276dece5594a6db72e044c85488519a18f9e462,96.98434215
0xf5276a7166cfda0d68b257e27c7c8bb2e5852e91,96.98051868
0x98e28650cf30e5aa1b7e9cdb258522ec3cb57614,96.97669505
0x638b8c5c14f6845eeee3dad430385b03e1a66fee,96.97287127
0x5a7d7d8591de34678e8601a2a25f1ab06e90da63,96.96904735
0xbd086f196c010be4d487a6cd54dee584439a54ac,96.96522327
0x3c7e67bcd18971459add795664454b2ff7e77ab8,96.96139904
0x512fce9b07ce64590849115ee6b32fd40ec0f5f3,96.95757466
0xe18999d3f7e1a84e35bf9c15699b79e46eb44704,96.95375013
0x8376b14104dbf0642a3c2adfa33793cfcb0b8d76,96.94992545
0x51b9d5d8b4c1b86f4dae48336bb89c7843b93dd0,96.94610062
0xc6e8accdfb5a93e170fcd71e7b662201e536bc68,96.94227564
0x626dc1c3a2991dfc91973b68d4131ef8d1487513,96.9384505
0x3bab311d8386cc6ee340bf9dc54deacc7b73ea5c,96.93462522
0x0ac56b5c0d8d798e10bce16a43f5959d10416fad,96.93079978
0x298afe764ceade43ba80ac4390195e8d9451d6ef,96.9269742
0xf7aee6e4cad438d7ccb3599c5a2d5d694250afbc,96.92314846
0x794dec90a3b9e399aad7839fa39c17a521977cdf,96.91932257
0x98207d10ec231c4ee3a27886b8ba64bc62674acf,96.91549653
0x78dd172718512aa63629a526543ace1ad73e105f,96.91167034
0x9079a0a7e0ebee7650c8c9da2b6946e5a5b07c19,96.907844
0x96882d6f15b6470334d431da8347ee10b389f062,96.90401751
0x9a7e2093092762d8c4caf2a947064d6762bc8c6a,96.90019086
0xbf7faf866f2a4a003216fa224fe75bd2737d86ff,96.89636407
0x5139ac8c1bb6d4e17c444825110cc7877e321ed0,96.89253712
0x2c6ddcc3c25edb41235cb1afb515390eec05dc82,96.88871002
0x35e283f461a9ca2e3a5765e72815c8d1dcb66ad6,96.88488277
0x4359bcfdd57c84481cd30233a752c1dc0fd32f11,96.88105537
0xc4d645532e0f009748c7951ee8e9119914cac25b,96.87722782
0x869a032b284481f4ad359ac75cd017eddee5c23c,96.87340012
0xcaba1a66f0049ab97256d75eeb48d540a7a1f8ff,96.86957227
0xcffb1a7b1560cf72d6f86eb3fc7252be6ff1e020,96.86574426
0xc2591ca855f201ffe773a3d9223031940ed04af3,96.86191611
0x8a81126532a690e21debb35832cdda8b9c29fa26,96.8580878
0x0693dbf1800f64b7343c40c3d7e64223319e6d57,96.85425934
0x24e8bb6a37774d8a0187e196beb29601ed5920bf,96.85043073
0x7d491f5fccb63261d2a6cbec67e5e8967ed8ac7c,96.84660197
0xfed0ad8f3177e62b724516efb4220a211b41948c,96.84277306
0x6dd0c6a8c1360dc74f1badfee8a980c35bb1a340,96.83894399
0xc255f2dfca4629d3f5a29df69ee3d3189cc0114e,96.83511478
0x9ddc5b469e02cd486f8f77f3e8fe831468020085,96.83128541
0xddfef50c7919c1f331f6c0d018a277e40d58d511,96.82745589
0x6d3b804091ea0e848d77c403239d89230bee1dfc,96.82362622
0x02318208d78abf27ffec35d4788e9a12de440d24,96.8197964
0x4dac2ca98638c1af27eb349d99153dfcae3a4a53,96.81596643
0xacec78653275b9a220ed2ec7714d52d633d10a16,96.81213631
0x67746cfc850b0632c441c9e6466d5e4d669ab401,96.80830603
0x4b7ca5b6216f22559250ca677692b8c93a8683f2,96.8044756
0x3f3a206662db588c741f95fccdd74d32ededbfff,96.80064502
0xbb3515f753b0172fe464f2c4d7193840c08b77c7,96.79681429
0xbbedafd5f399be88dac7222ce1caa9dd7cfd7481,96.79298341
0xea37d99731ece99b9b0f0d87a4f83e7ec14380fc,96.78915238
0x3c5ed6bb48acad7ad3cfc92ca86259d06c918dd0,96.78532119
0x310ce0f00b0d64989da96380a48e4409079c8d8e,96.78148985
0x4fe094231437a8f5db8e856eece5e19cd346d689,96.77765837
0x3c87b4c34abdb615bd405458982e1a2076d24111,96.77382673
0xe9f39293660b1b4919ab39f400817daa42422cc2,96.76999493
0x1af47c8e253ea38d13938e530801c1ff7a1c5a1f,96.76616299
0xda17b5106ceab831cc1800b491b2862a0b950479,96.76233089
0xd6e3fb28d8e92485016d11f01744757f5fea866d,96.75849865
0xea1b3a8fc8342590eb955f1a4194c007189b3159,96.75466625
0x6a24327eba27b4640fdd65c2610457584fa1be14,96.7508337
0x911809517285207390bcba7a73c717cdd6138bc0,96.74700099
0x8b5c2387ba1f401a8f1d7eea37fa8f9fea6969c1,96.74316814
0x6f45f069c49cfa308520482816700b21115be7a0,96.73933513
0xa58fab297f20cd2fc16c1fa117681697f52f240a,96.73550197
0xc8754296711f90fa9b1ee557bdd6c1727a034e4f,96.73166866
0x0abc80cb388b04e6ceb237a3a6897d07ab378774,96.7278352
0x214e612ea50f2b38285e7d3a1aa429183f2f4a06,96.72400159
0x7154718f041df32eb302af79cd0aee9104926ca4,96.72016782
0x5445f987ff43fe2b2c31b86ebfc585a3d6b02120,96.7163339
0x1dabd0496d64fc5f83ec1c9ea0d2b2c9bb211bb5,96.71249983
0x0a80c3c540eef99811f4579fa7b1a0617294e06f,96.70866561
0xb9b78523717e42494c2aa6ad07be9ccb4b09be7a,96.70483124
0x5c474f896b48c42ecc08a55b449913899c6c5f4a,96.70099671
0x0b773cd2430fabe8b8ecd6f204605314de1d8226,96.69716203
0x565dcdcfe95b344d4fce2c649bc292625e5c20f9,96.6933272
0x3d23ab914f5c6552689d824e7802e1b242e3f588,96.68949222
0x8eb00380cadd63a895e388c7814e7abd2974ee22,96.68565709
0xeb38616ff63fd82eac754135e2068271ec8a2c1d,96.6818218
0x5d6f8cda086a0837cdaf10e941f3d1d5e3e5531a,96.67798636
0x8ce118230fc7297af6abee90836650dcd66a16f7,96.67415077
0x3c019229b2dc7fac4b725040c86d12aac48e31d3,96.67031503
0x396b638da4246a69df635e2d409233200c326d7d,96.66647913
0x9cabca80a12779e04a0d63f2002f200cd1120673,96.66264308
0x17d0cc96e6538b52f16c3ed03a2d3e6dd91bc50e,96.65880688
0x6ec25e69f054d97d652044d2d014fca9e4d15614,96.65497053
0xcc79da4558487033f9ad7db928377fa747e93309,96.65113403
0x219c15508383577f8adba451c2f2367bc6ceb817,96.64729737
0xb65b6cb75c7d558ca39dbb098f5b9a7b690164fc,96.64346056
0x2d0b80e668c4ab4f90a912eb21cf292175f64838,96.6396236
0x1e60ae150f10a3a1881d17a9f749595030897ce9,96.63578649
0x92f63630adce6948ae3fed5701d46cd5c62c7305,96.63194922
0x3cc93c0e48a4a3b021ac8aa253bd5cc5aff51f27,96.6281118
0x6d82dc3a4a2a2db99c841f44444642aafb329537,96.62427423
0x3d401fb42e2f5c1ac97120eac015dad48713cccd,96.62043651
0xcfe638ac45cc776cda727b3d388bc7bf0219523f,96.61659863
0xd5c01b2f8ab1e00b84fae74a354f57448f68d882,96.6127606
0x964ad9e178184fc3865976dc7d3cad8eb1b373e3,96.60892242
0x4806688dfccea461b645f08b9cd2f695999276f4,96.60508409
0x06642b98103e3679bd329df8e4c82f3821d27ee7,96.60124561
0xcf90d6d26b8372f98a020bf187b30dc8fe8143ae,96.59740697
0x49f946f18ff378ce1f594b8ba7bb9222dad2c40c,96.59356818
0x3861a3c9c3362a5276ea59be4707ce5700b9c304,96.58972923
0x472dbf5a1b070f9efc2491cb3b98445e06599e21,96.58589014
0xe5dd78c224f26e306c84a9b1aa2def30bdf15835,96.58205089
0x0618e076e4fe252b1b73a83c239289dc12055ea3,96.57821149
0x009b6817807c332b9445f5c9cf2ac94631fe876e,96.57437194
0x89555a4f31b06faca197cdf60fd996f1ba783feb,96.57053223
0x4cfd6c324110069431752ee6e6cb1a646f030cb5,96.56669237
0xc60c784a4556126720b113e12fe950163427499c,96.56285236
0x53d51a2199344b0c83ec44e5d8134fb6169c1616,96.55901219
0x95ecc98de34d340bddba2fb6bab21b5c0c6b070e,96.55517188
0x3aea1b278b638b8517bbb14b1366abac7f3cd90a,96.55133141
0xa230a1c91c640da7a947c23a889a3bd68a171915,96.54749078
0x23b8cca9b21c884a7ea65b527e88378643712acb,96.54365001
0x2848b9f2d4faebaa4838c41071684c70688b455d,96.53980908
0x6aefef067b0514a49f6d87f6c89cec33862bc376,96.535968
0xe77884cddf148dd5f0e9191b33d8dbaddb16dfb5,96.53212677
0xd54be9da30b4213fc35a176225fffb45a90dbbc7,96.52828538
0xe64ea228db1527c0a4fea11877ad832fff692386,96.52444384
0x09ae8298fb048e0c7b12f6ac0d38c6f0a2430e0b,96.52060215
0x372cc010c6677434739398463c6bc11e995ebf26,96.5167603
0xae3f684105ad37dc49d8ae316a32fe9eef583a81,96.5129183
0x574ccf14154cc872e39ca074beba10d1c8add1ac,96.50907615
0x23732c68e444c09fca1c139d9e90a58217560224,96.50523385
0xfa03edb20a822e838ff0a517b6b87c64b8a7c04f,96.50139139
0x4e4c6caebfcf69a3cd6c6e8aaf4d0e9233c7c875,96.49754878
0x8904d02315884b4a4847a3534c3b295274a54f4a,96.49370602
0x546a5c457bdec70112c149ed280c7b8e8703a713,96.4898631
0x2c99d50eb4daa1d26b5ba0b1daab58cbfc0ac3e6,96.48602003
0x134d7706f8f542f611a785cf30c693df302f4f24,96.48217681
0x4c0e1f1c80090b6749f757262c267246aa3ace64,96.47833343
0x8ec1675d89c4ff8579e461d593700292b9967b46,96.47448991
0xe07e487d5a5e1098bbb4d259dac5ef83ae273f4e,96.47064622
0x63171073ceffe448a9324687d48d016ec3d8b4c6,96.46680239
0xdc914144d4b678cdc72d25fb60fe51add8810022,96.4629584
0x4c77ca7ff8e548806fdc88e4dfa8ea1e493a450a,96.45911426
0xbfebe09d854272c3aeeb1e4411c2b02a83d0339e,96.45526997
0x0b013cca6335dd62353ca60ecec9c39b5227d270,96.45142552
0xc8355d0e2c265b2fe495ebbc0fc9ad992b40dc8f,96.44758092
0x419e0d48a5d64e90205d1c28edcb7fab04a0a88d,96.44373616
0x07326cbe4792e8e3c1f61c66fefee8253eb2db0c,96.43989126
0x736e108bcdd0c48771878caa148c1254689a941d,96.43604619
0x083674408a89ccbb0fc9653cf93a1de0b017a2e2,96.43220098
0xf8e562f4f30c5dda0978857067d6585265da3437,96.42835561
0x25442048dafcba10c380649e6d371f8be2b877a8,96.42451009
0x270e2a1df468b64e65a2167c1b55b6b7369046bf,96.42066442
0x185cde0b0d7aadd3359f270de9de7e1195c58c40,96.41681859
0x7909c2883db0f3a7c2e36c19db241aa238a8be7a,96.41297261
0xa53a13a80d72a855481de5211e7654fabdfe3526,96.40912648
0xc5d16847874f3c47c5dfec353d01105896459d0f,96.40528019
0x35e86d472d1a2e37b9dbaab9677230605c6624b0,96.40143375
0x893425f1e71fad6646eb70dd17a5f808a012ab4b,96.39758715
0xf4ae6165c3e05ae7426c5b5200e8b9a7565ac595,96.3937404
0x00f57b489bcc01e8526a645ac5880f40638a1e9a,96.3898935
0xe34499e72176bc4ef70f32506380d9242e11a6e2,96.38604645
0x3979f8fd1176e266c0b8497ec74cbeab82949a7d,96.38219924
0xb027257430f0e4dc0fad2184ff4b415761e8db20,96.37835188
0x4becca336d9d7ab7aabddabc7985b26d683f15ea,96.37450436
0x8662f71896d5770e2991a2e6fc1836c5c5ba3a67,96.37065669
0x012c5450b22a626a810d376d5519878a914c3f2b,96.36680887
0x3083c46eb15cc0c087a03f60269edf1de8186f38,96.36296089
0x2565f8e0b33f2d3bb1c0e2dd5fbb972df48654c8,96.35911276
0x4d42307abb9b2fc8b822d564bc05c505946de1c3,96.35526447
0xe20ee1d250c8d3e0bd140306121001bfdc7a1201,96.35141604
0x3aa016dac0f59124e2aabfee646c927263103c3c,96.34756745
0x628b42cf8f4b2457b5c8f87607a8ff11570fd4e5,96.3437187
0xe41086f6e4801bf49c0f9e24fb147cdfaf952a89,96.3398698
0x23a49a9930f5b562c6b1096c3e6b5bec133e8b2e,96.33602075
0x360efd9408c74203054505018ed2fc31fb77094e,96.33217154
0x825d634b9d22da526ceebda4fb7ad4d373cfe2ba,96.32832218
0xab95a0fb53df696a492a93f30fa126bde2493043,96.32447267
0x549750e6b5b40e627365bdcf7f7780dbfde113a4,96.320623
0x8ea7777724b5e74d7904a2ffc3a3dd1d0ab04fc4,96.31677318
0x1558598e2e613b8bc1a904afd240b18a91a03495,96.3129232
0xd3d555bb655acba9452bfc6d7cea8cc7b3628c55,96.30907307
0xa1d2ae90d7b1f5910f332daa89911d84e5d26eda,96.30522279
0x958f5159b62a864419ee492008061fdef2e1f8d0,96.30137235
0x6353ae85b67ea257f44642ce81dda8714094fdc0,96.29752176
0x268a1b7ecc1fe1fab1ee32a7e61e3b7810bad4a5,96.29367101
0x4aeee08c3187fa1ae768e6264898397f339ac334,96.28982011
0x0372c7bfbb5b38699d954faee540d6b90cafc877,96.28596906
0x26d8f0909a9bb3a1758024c90e8fd87f5d24d65f,96.28211785
0xc781be77bc2ed096d6bbba06842a235b08b7dde4,96.27826649
0x7824282944b7cc7b8ef86ed9adbe21f49b247f97,96.27441497
0x1b26c22c1493df1399d8efa113ef99bb27ab9eb7,96.2705633
0x0645c4097ea0a49111afbc26b58612609183c927,96.26671148
0xb678853c57b94da8e6ffbf0e792e9c31788d84a2,96.2628595
0x5f82c97e9b1755237692a946ae814998bc0e2124,96.25900737
0x6365ca7eeac872310727dacebfd5c31fe9ebacea,96.25515508
0x7ef5774cb1cb4a6829a85738d4c6956e2edc5be4,96.25130264
0x16ad4e68c2e1d312c01098d3e1cfc633b90dff46,96.24745005
0x336a566f0cd19c3379676f8932f26c9b1b1aea66,96.2435973
0x0e194541c0edaa8f4305bc1f313eaa1d30dba966,96.23974439
0xffdc0c7dff4bdabc76e69f1ffd0c11d54b21369b,96.23589134
0x2fe555e0d573b4df1040d30ee209911583c2c9ef,96.23203812
0xe4f60f6fe872d5b910e72a11d09cdcf3780d20db,96.22818476
0xe565f48cee90c775d1a0c0fa6dbacfe22c406801,96.22433124
